sample_id,source,label,area,perimeter,eccentricity,solidity,centroid-0,centroid-1
sample_00,gt,1,845.0,123.63961030678928,0.8925514021429044,0.9526493799323562,14.52662721893491,194.5905325443787
sample_00,gt,2,78.0,47.27817459305202,0.9813391977374111,0.9069767441860465,1.294871794871795,144.46153846153845
sample_00,gt,3,287.0,62.62741699796952,0.6628795138561993,0.959866220735786,24.644599303135887,171.29616724738676
sample_00,gt,4,203.0,57.59188309203678,0.8863985941030308,0.9620853080568721,4.783251231527093,118.96059113300493
sample_00,gt,5,311.0,69.24873734152916,0.7143831646508592,0.971875,105.16077170418006,248.58842443729904
sample_00,gt,6,469.0,81.94112549695427,0.7480794138244817,0.96900826446281,64.68017057569297,221.73560767590618
sample_00,gt,7,552.0,97.94112549695427,0.8909186616852772,0.9517241379310345,73.46557971014492,143.63768115942028
sample_00,gt,8,709.0,98.76955262170047,0.49885570364597837,0.9725651577503429,29.51904090267983,98.39774330042313
sample_00,gt,9,393.0,73.11269837220809,0.5654642310618024,0.9656019656019657,34.57506361323155,145.48091603053436
sample_00,gt,10,292.0,61.45584412271571,0.40729053099786744,0.9636963696369637,48.44178082191781,64.82191780821918
sample_00,gt,11,203.0,58.8700576850888,0.8577915698435156,0.9022222222222223,42.758620689655174,50.22167487684729
sample_00,gt,12,640.0,96.2842712474619,0.77801385353711,0.9711684370257967,58.634375,28.58125
sample_00,gt,13,424.0,78.62741699796952,0.7710191773721686,0.9769585253456221,65.0377358490566,7.632075471698113
sample_00,gt,14,373.0,75.62741699796952,0.6019879974286833,0.9395465994962217,22.62734584450402,10.195710455764075
sample_00,gt,15,125.0,43.9350288425444,0.8359700659222856,0.9615384615384616,9.568,3.368
sample_00,gt,16,451.0,79.35533905932738,0.3001117708417928,0.9719827586206896,75.39689578713968,66.72949002217295
sample_00,gt,17,666.0,97.94112549695427,0.627385584394488,0.9568965517241379,103.60810810810811,146.6081081081081
sample_00,gt,18,277.0,73.31370849898477,0.9329816105557208,0.9389830508474576,160.985559566787,4.5234657039711195
sample_00,gt,19,810.0,128.08326112068522,0.8934914314286775,0.8589607635206787,223.0679012345679,73.45555555555555
sample_00,gt,20,233.0,56.62741699796952,0.5595841360951473,0.9433198380566802,243.69957081545064,39.892703862660944
sample_00,gt,21,49.0,35.03553390593274,0.985794313647666,0.98,254.08163265306123,120.3265306122449
sample_00,gt,22,533.0,108.08326112068522,0.908521784621173,0.8174846625766872,231.32457786116322,108.22138836772983
sample_00,gt,23,585.0,94.08326112068522,0.7936905645250271,0.9605911330049262,197.09230769230768,85.41880341880342
sample_00,gt,24,482.0,85.25483399593904,0.5243665745773345,0.9395711500974658,113.06639004149378,78.9149377593361
sample_00,gt,25,780.0,113.7401153701776,0.8397071422157818,0.9408926417370326,144.9897435897436,148.8025641025641
sample_00,gt,26,400.0,78.04163056034261,0.807488230524951,0.9478672985781991,182.4675,198.265
sample_00,gt,27,264.0,59.11269837220809,0.5887685170706595,0.967032967032967,208.9469696969697,173.04545454545453
sample_00,gt,28,540.0,87.11269837220809,0.5965364691970422,0.9660107334525939,243.0388888888889,205.63333333333333
sample_00,gt,29,323.0,68.97056274847714,0.6495976433960102,0.9728915662650602,247.98452012383902,232.13622291021673
sample_00,gt,30,190.0,50.62741699796952,0.6008207927690333,0.9405940594059405,150.50526315789475,41.794736842105266
sample_00,gt,31,257.0,58.04163056034261,0.7139778002298967,0.9809160305343512,168.31517509727627,79.14396887159533
sample_00,gt,32,130.0,41.55634918610404,0.3852027999240646,0.9558823529411765,114.56923076923077,5.223076923076923
sample_00,gt,33,166.0,45.21320343559643,0.46422251195955566,0.9707602339181286,111.06024096385542,31.132530120481928
sample_00,gt,34,428.0,78.38477631085024,0.4065755780198959,0.9727272727272728,153.93691588785046,245.9018691588785
sample_00,gt,35,355.0,72.35533905932738,0.6750281616982635,0.9342105263157895,179.25915492957748,238.90140845070422
sample_00,gt,36,607.0,93.94112549695427,0.7311731300228063,0.9619651347068146,206.19439868204284,239.80560131795716
sample_00,gt,37,616.0,97.01219330881976,0.7434562925209536,0.9361702127659575,205.49837662337663,212.61201298701297
sample_00,gt,38,695.0,104.76955262170047,0.8189556705243017,0.9573002754820936,135.31510791366907,210.71079136690648
sample_00,gt,39,232.0,56.62741699796952,0.47241083442609677,0.943089430894309,191.26293103448276,49.58620689655172
sample_00,stardist,1,538.0,85.59797974644665,0.2927286846196814,0.9572953736654805,112.16728624535315,77.87918215613382
sample_00,stardist,2,514.0,84.18376618407356,0.5716008292653872,0.9643527204502814,63.976653696498055,219.1284046692607
sample_00,stardist,3,431.0,76.52691193458118,0.6749594049488106,0.9663677130044843,179.21345707656613,236.9002320185615
sample_00,stardist,4,668.0,95.25483399593904,0.28209548255931366,0.963924963924964,30.573353293413174,98.0494011976048
sample_00,stardist,5,447.0,77.59797974644665,0.6658544832496458,0.9675324675324676,28.93959731543624,170.5525727069351
sample_00,stardist,6,247.0,57.11269837220809,0.4824416735071569,0.9610894941634242,243.5344129554656,38.935222672064775
sample_00,stardist,7,391.0,71.94112549695427,0.37458219185597735,0.9702233250620348,75.21994884910485,65.9693094629156
sample_00,stardist,8,186.0,49.45584412271571,0.6656289659034819,0.9538461538461539,149.19892473118279,39.96774193548387
sample_00,stardist,9,452.0,78.52691193458118,0.4760843927248674,0.9783549783549783,152.81194690265488,245.88053097345133
sample_00,stardist,10,337.0,67.11269837220809,0.6581423463656841,0.9656160458452722,36.17210682492582,144.7626112759644
sample_00,stardist,11,615.0,91.59797974644665,0.6010972199398036,0.9700315457413249,103.83252032520325,145.06666666666666
sample_00,stardist,12,351.0,69.94112549695429,0.6187833782771784,0.9538043478260869,209.4957264957265,172.05413105413106
sample_00,stardist,13,465.0,84.08326112068522,0.8245754793948521,0.9607438016528925,184.56129032258065,195.0258064516129
sample_00,stardist,14,390.0,74.8700576850888,0.7923085150932535,0.9629629629629629,63.91025641025641,7.351282051282051
sample_00,stardist,15,583.0,91.25483399593904,0.7120424201959822,0.9620462046204621,206.58662092624357,210.59862778730704
sample_00,stardist,16,526.0,87.25483399593904,0.7876831963156263,0.9686924493554327,196.893536121673,84.74524714828897
sample_00,stardist,17,220.0,55.11269837220809,0.5641340302751413,0.9401709401709402,191.99545454545455,48.08181818181818
sample_00,stardist,18,442.0,78.2842712474619,0.7374951054879808,0.973568281938326,19.004524886877828,8.538461538461538
sample_00,stardist,19,723.0,100.42640687119285,0.7041063381834166,0.9757085020242915,134.27109266943293,208.63485477178423
sample_00,stardist,20,464.0,86.08326112068522,0.8555380354959485,0.945010183299389,232.3168103448276,102.52586206896552
sample_00,stardist,21,579.0,93.01219330881975,0.7792020121198444,0.9682274247491639,60.340241796200345,27.21070811744387
sample_00,stardist,22,624.0,94.42640687119285,0.7573869456259994,0.9704510108864697,11.29647435897436,190.23878205128204
sample_00,stardist,23,485.0,84.5269119345812,0.8338081158213628,0.9719438877755511,73.38350515463918,143.3360824742268
sample_00,stardist,24,625.0,94.42640687119285,0.7060695094028155,0.9600614439324117,207.4832,238.0624
sample_00,stardist,25,729.0,106.9116882454314,0.8135384976350674,0.9566929133858267,146.43347050754457,148.69135802469137
sample_00,stardist,26,267.0,60.04163056034261,0.5518914088289116,0.9709090909090909,248.0823970037453,229.71535580524343
sample_00,stardist,27,537.0,89.59797974644665,0.8257883810766052,0.960644007155635,225.52327746741153,68.94599627560521
sample_00,stardist,28,282.0,63.45584412271572,0.7429177044080613,0.9724137931034482,104.43971631205673,248.89007092198582
sample_00,stardist,29,388.0,74.5269119345812,0.7384636575399658,0.9556650246305419,168.55670103092783,75.74484536082474
sample_00,stardist,30,503.0,84.18376618407356,0.765163985831655,0.9654510556621881,47.157057654075544,58.988071570576544
sample_00,stardist,31,147.0,43.21320343559643,0.5889669215303664,0.9545454545454546,110.44897959183673,31.231292517006803
sample_00,classical,1,344.0,84.76955262170047,0.7567190270691548,0.8865979381443299,7.59593023255814,32.98546511627907
sample_00,classical,2,412.0,136.2193000900063,0.9541179691080566,0.7803030303030303,4.825242718446602,125.72087378640776
sample_00,classical,3,1060.0,180.64570696119915,0.880738514219675,0.8166409861325116,15.60943396226415,195.30754716981133
sample_00,classical,4,96.0,39.21320343559643,0.8356170085475918,0.8727272727272727,10.833333333333334,53.739583333333336
sample_00,classical,5,558.0,104.76955262170047,0.6828431596692035,0.9102773246329527,17.689964157706093,9.523297491039427
sample_00,classical,6,39.0,26.27817459305202,0.6539315589241144,0.7647058823529411,23.153846153846153,63.53846153846154
sample_00,classical,7,95.0,45.21320343559643,0.9063663180499036,0.7983193277310925,23.652631578947368,250.52631578947367
sample_00,classical,8,3.0,1.0,1.0,1.0,27.0,224.0
sample_00,classical,9,775.0,150.05992052357226,0.7974360711116837,0.760549558390579,27.18709677419355,167.48645161290324
sample_00,classical,10,1166.0,136.81118318204307,0.633956911223451,0.9328,32.42795883361921,101.8696397941681
sample_00,classical,11,428.0,83.59797974644667,0.6278658834898363,0.9164882226980728,35.257009345794394,145.5303738317757
sample_00,classical,12,129.0,42.384776310850235,0.3637570412861825,0.9347826086956522,40.906976744186046,128.48062015503876
sample_00,classical,13,43.0,28.31370849898476,0.6807520055654298,0.7413793103448276,42.30232558139535,200.8139534883721
sample_00,classical,14,917.0,144.01828996322962,0.5662527042000717,0.8268710550045085,48.210468920392586,57.03380588876772
sample_00,classical,15,56.0,31.556349186104043,0.9076561831260186,0.8484848484848485,58.07142857142857,165.875
sample_00,classical,16,2.0,0.0,1.0,1.0,56.0,248.5
sample_00,classical,17,43.0,27.31370849898476,0.6768334540901197,0.7962962962962963,58.395348837209305,126.27906976744185
sample_00,classical,18,92.0,45.384776310850235,0.8810858818889747,0.8,60.92391304347826,108.01086956521739
sample_00,classical,19,78.0,31.9350288425444,0.805887499495292,0.9176470588235294,62.57692307692308,86.96153846153847
sample_00,classical,20,667.0,131.46803743153546,0.5433095794982745,0.8595360824742269,65.7496251874063,218.36581709145426
sample_00,classical,21,382.0,79.55634918610404,0.9050368551033416,0.9820051413881749,64.17801047120419,5.989528795811518
sample_00,classical,22,940.0,142.5685424949238,0.8093918392288244,0.9082125603864735,62.945744680851064,25.59468085106383
sample_00,classical,23,2.0,0.0,1.0,1.0,68.0,246.5
sample_00,classical,24,320.0,75.00609665440987,0.4971929794152631,0.8791208791208791,71.690625,135.76875
sample_00,classical,25,621.0,125.29036790187178,0.4807668164354918,0.8138925294888598,74.35104669887279,68.9194847020934
sample_00,classical,26,236.0,59.9350288425444,0.6196365033922305,0.932806324110672,74.63983050847457,151.5593220338983
sample_00,classical,27,10.0,8.82842712474619,0.8835426187866638,0.8333333333333334,74.7,185.4
sample_00,classical,28,77.0,37.10660171779821,0.7910242646662282,0.8651685393258427,76.75324675324676,50.03896103896104
sample_00,classical,29,40.0,28.556349186104043,0.38227149521880804,0.7547169811320755,77.35,203.475
sample_00,classical,30,2.0,0.0,1.0,1.0,80.0,105.5
sample_00,classical,31,49.0,29.520815280171306,0.8298411307192417,0.7903225806451613,94.71428571428571,115.95918367346938
sample_00,classical,32,55.0,26.727922061357855,0.7815485097368087,0.9482758620689655,97.14545454545454,195.52727272727273
sample_00,classical,33,547.0,131.70458146424485,0.6849286897268945,0.7792022792022792,107.14990859232175,13.40036563071298
sample_00,classical,34,707.0,102.66904755831213,0.5934822992308175,0.9439252336448598,103.995756718529,145.73691654879772
sample_00,classical,35,375.0,89.94112549695429,0.8534185480341495,0.9079903147699758,102.58133333333333,248.98933333333332
sample_00,classical,36,120.0,56.83452377915607,0.9334343070200732,0.7547169811320755,108.35833333333333,116.025
sample_00,classical,37,290.0,78.56244584051393,0.7068127164957326,0.8430232558139535,111.42758620689655,29.76896551724138
sample_00,classical,38,790.0,126.39696961966999,0.7722399242430344,0.867178924259056,108.92278481012659,74.58101265822785
sample_00,classical,39,8.0,7.035533905932738,0.8124097554365945,0.8888888888888888,111.375,214.25
sample_00,classical,40,138.0,43.55634918610404,0.6127219452998512,0.9517241379310345,115.2536231884058,161.95652173913044
sample_00,classical,41,17.0,13.65685424949238,0.8069972958303833,0.8947368421052632,120.58823529411765,239.23529411764707
sample_00,classical,42,241.0,65.38477631085024,0.8821255005435066,0.8860294117647058,127.01244813278008,155.93360995850622
sample_00,classical,43,1.0,0.0,0.0,1.0,130.0,20.0
sample_00,classical,44,50.0,27.31370849898476,0.84954480130079,0.8620689655172413,132.12,234.74
sample_00,classical,45,1.0,0.0,0.0,1.0,134.0,74.0
sample_00,classical,46,1037.0,142.46803743153546,0.7375112634588143,0.9104477611940298,133.46094503375122,206.34908389585343
sample_00,classical,47,50.0,30.692388155425117,0.8427259657716424,0.7575757575757576,137.2,7.28
sample_00,classical,48,1028.0,162.47413408594537,0.6938702786023245,0.8132911392405063,137.2986381322957,108.35603112840467
sample_00,classical,49,2.0,0.0,1.0,1.0,142.0,80.5
sample_00,classical,50,184.0,52.248737341529164,0.6205770207581701,0.9064039408866995,149.3586956521739,39.744565217391305
sample_00,classical,51,1264.0,186.30256121069152,0.8299916761388457,0.8170652876535229,149.40743670886076,151.26424050632912
sample_00,classical,52,639.0,109.39087296526012,0.7065106952555077,0.8962131837307152,155.57120500782472,192.5133020344288
sample_00,classical,53,560.0,98.76955262170047,0.335644582367612,0.9286898839137645,152.41785714285714,244.72142857142856
sample_00,classical,54,637.0,134.70458146424488,0.8467219730467052,0.8909090909090909,163.5054945054945,8.051805337519623
sample_00,classical,55,4.0,3.2071067811865475,0.9128709291752769,0.8,161.75,121.25
sample_00,classical,56,6.0,6.414213562373095,0.8703882797784891,1.0,165.66666666666666,42.5
sample_00,classical,57,794.0,147.05382386916236,0.7537829736228446,0.8384371700105596,168.4030226700252,71.41057934508817
sample_00,classical,58,59.0,27.31370849898476,0.7515020555631455,0.7972972972972973,171.74576271186442,155.71186440677965
sample_00,classical,59,44.0,31.14213562373095,0.8052732740775058,0.6197183098591549,172.63636363636363,29.568181818181817
sample_00,classical,60,202.0,66.5269119345812,0.5619031465813102,0.792156862745098,175.11881188118812,102.85643564356435
sample_00,classical,61,584.0,102.08326112068522,0.5692081308400789,0.9026275115919629,177.1318493150685,235.04109589041096
sample_00,classical,62,884.0,194.8528137423857,0.6790568521996274,0.7574978577549272,181.65950226244343,194.13122171945702
sample_00,classical,63,9.0,8.0,0.0,1.0,183.0,31.0
sample_00,classical,64,3.0,3.414213562373095,0.816496580927726,1.0,184.33333333333334,153.66666666666666
sample_00,classical,65,3.0,3.414213562373095,0.816496580927726,1.0,185.66666666666666,118.33333333333333
sample_00,classical,66,14.0,12.071067811865476,0.867069645041276,0.8235294117647058,185.64285714285714,130.42857142857142
sample_00,classical,67,1.0,0.0,0.0,1.0,188.0,22.0
sample_00,classical,68,308.0,82.11269837220809,0.5683701974331888,0.7938144329896907,192.77272727272728,46.93181818181818
sample_00,classical,69,9.0,7.621320343559642,0.8671032092639515,0.8181818181818182,192.0,142.55555555555554
sample_00,classical,70,720.0,137.12489168102783,0.8562311502028467,0.8191126279863481,196.30138888888888,87.40138888888889
sample_00,classical,71,3.0,1.0,1.0,1.0,198.0,126.0
sample_00,classical,72,107.0,41.798989873223334,0.702666577569455,0.8294573643410853,201.52336448598132,108.3644859813084
sample_00,classical,73,175.0,81.8700576850888,0.9303370029979655,0.7641921397379913,200.97714285714287,4.817142857142857
sample_00,classical,74,41.0,22.485281374238568,0.6229534499317212,0.9111111111111111,205.46341463414635,154.29268292682926
sample_00,classical,75,728.0,109.25483399593904,0.688940198993072,0.929757343550447,206.0837912087912,210.2403846153846
sample_00,classical,76,485.0,98.08326112068522,0.5424261845658244,0.8882783882783882,208.69278350515464,173.71546391752577
sample_00,classical,77,2.0,0.0,1.0,1.0,211.5,140.0
sample_00,classical,78,132.0,58.248737341529164,0.8746168776692151,0.7542857142857143,211.78787878787878,30.689393939393938
sample_00,classical,79,1070.0,152.74011537017762,0.7437410829101984,0.8539505187549881,210.7233644859813,236.69345794392524
sample_00,classical,80,18.0,13.071067811865476,0.5866857344558972,0.9473684210526315,219.16666666666666,154.72222222222223
sample_00,classical,81,114.0,52.4558441227157,0.5486888908701595,0.7808219178082192,219.48245614035088,17.973684210526315
sample_00,classical,82,1337.0,187.64570696119915,0.8693465257754701,0.8177370030581039,219.91772625280478,66.05160807778609
sample_00,classical,83,80.0,35.9350288425444,0.5736526942736211,0.8333333333333334,224.775,26.9625
sample_00,classical,84,12.0,10.0,0.6831300510639732,1.0,232.0,134.5
sample_00,classical,85,788.0,168.47413408594534,0.9097964029053286,0.7048300536672629,227.34010152284264,108.0228426395939
sample_00,classical,86,12.0,10.242640687119284,0.645460725553083,0.9230769230769231,240.5,15.666666666666666
sample_00,classical,87,286.0,64.52691193458118,0.4887321398624132,0.9438943894389439,243.8146853146853,39.80769230769231
sample_00,classical,88,21.0,16.485281374238568,0.8345235395948445,0.9130434782608695,243.52380952380952,61.857142857142854
sample_00,classical,89,103.0,55.21320343559643,0.9439151801475018,0.6866666666666666,249.44660194174756,154.33009708737865
sample_00,classical,90,1144.0,225.01828996322962,0.9339347211391867,0.8200716845878137,246.30594405594405,212.3487762237762
sample_00,classical,91,10.0,8.0,1.0,1.0,243.5,229.0
sample_00,classical,92,145.0,51.00609665440988,0.8646480272080498,0.8734939759036144,242.19310344827585,243.62758620689655
sample_01,gt,1,320.0,65.698484809835,0.46731483684999875,0.9552238805970149,180.934375,85.853125
sample_01,gt,2,177.0,48.970562748477136,0.578906840820419,0.9567567567567568,249.6045197740113,43.89265536723164
sample_01,gt,3,21.0,15.414213562373096,0.9618524657992742,0.875,254.33333333333334,110.9047619047619
sample_01,gt,4,350.0,69.94112549695429,0.3638746866824686,0.9536784741144414,108.15428571428572,41.72
sample_01,gt,5,416.0,77.25483399593904,0.6876723918134784,0.9519450800915332,121.08173076923077,68.86538461538461
sample_01,gt,6,213.0,54.142135623730944,0.588935992975167,0.9681818181818181,92.93896713615024,5.821596244131455
sample_01,gt,7,189.0,55.55634918610404,0.8445120430931276,0.949748743718593,250.7089947089947,18.21693121693122
sample_01,gt,8,383.0,74.18376618407356,0.7431128467398235,0.9623115577889447,154.16710182767625,47.39947780678851
sample_01,gt,9,353.0,73.11269837220809,0.8003665991348391,0.9363395225464191,165.22096317280455,73.64589235127478
sample_01,gt,10,329.0,67.94112549695427,0.5332698756700619,0.9426934097421203,242.34650455927053,120.33738601823708
sample_01,gt,11,299.0,67.04163056034261,0.4711577597596871,0.9314641744548287,224.25083612040135,103.67892976588628
sample_01,gt,12,269.0,65.11269837220809,0.8432469650321742,0.9212328767123288,213.80669144981414,126.34200743494424
sample_01,gt,13,234.0,56.970562748477136,0.4569582063625721,0.9551020408163265,248.2905982905983,172.69230769230768
sample_01,gt,14,472.0,81.59797974644665,0.5500017224379076,0.9652351738241309,153.28177966101694,151.71398305084745
sample_01,gt,15,317.0,70.31980515339464,0.5582941235418818,0.9005681818181818,152.8044164037855,126.14195583596215
sample_01,gt,16,463.0,82.5269119345812,0.7324871880550947,0.9645833333333333,150.7840172786177,227.5377969762419
sample_01,gt,17,100.0,39.89949493661167,0.8588824225038391,0.9345794392523364,249.04,251.92
sample_01,gt,18,340.0,71.94112549695427,0.6646179425284511,0.9315068493150684,229.2764705882353,240.3205882352941
sample_01,gt,19,320.0,67.38477631085023,0.5265252730819024,0.9580838323353293,195.41875,247.278125
sample_01,gt,20,76.0,37.9350288425444,0.8353236229541192,0.9156626506024096,252.57894736842104,224.77631578947367
sample_01,gt,21,219.0,54.38477631085023,0.5841774059338716,0.9605263157894737,247.91324200913243,77.66666666666667
sample_01,gt,22,162.0,51.3492424049175,0.8684020682307154,0.9700598802395209,42.03703703703704,3.734567901234568
sample_01,gt,23,235.0,59.21320343559643,0.6678100706289637,0.9552845528455285,5.770212765957447,70.38723404255319
sample_01,gt,24,312.0,64.76955262170047,0.6975256369141395,0.968944099378882,77.75961538461539,15.03525641025641
sample_01,gt,25,318.0,68.2842712474619,0.7283092869659838,0.9298245614035088,90.97169811320755,64.71698113207547
sample_01,gt,26,316.0,69.35533905932738,0.7941772480406999,0.9432835820895522,40.79746835443038,214.25
sample_01,gt,27,258.0,67.11269837220809,0.8232192912760954,0.8514851485148515,33.08139534883721,188.0891472868217
sample_01,gt,28,390.0,73.35533905932738,0.49272252135644823,0.9558823529411765,38.06410256410256,150.7846153846154
sample_01,gt,29,402.0,78.76955262170046,0.6616323326051663,0.9370629370629371,14.116915422885572,90.46019900497512
sample_01,gt,30,402.0,77.35533905932738,0.7260412064720306,0.9370629370629371,17.16417910447761,117.58208955223881
sample_01,gt,31,406.0,77.11269837220809,0.4989979826366891,0.9419953596287703,53.610837438423644,105.10837438423646
sample_01,gt,32,458.0,87.35533905932738,0.7149301848840215,0.9123505976095617,41.11790393013101,26.71834061135371
sample_01,gt,33,276.0,62.87005768508881,0.6507825822636132,0.9550173010380623,20.597826086956523,28.605072463768117
sample_01,gt,34,414.0,74.76955262170047,0.5051430152371045,0.971830985915493,15.782608695652174,54.36231884057971
sample_01,gt,35,256.0,60.62741699796952,0.6560383134626089,0.9343065693430657,39.671875,84.69921875
sample_01,gt,36,351.0,69.35533905932738,0.3981821463771824,0.9512195121951219,73.51566951566952,65.28774928774929
sample_01,gt,37,349.0,71.11269837220809,0.8289312486152671,0.9640883977900553,97.07736389684814,128.2406876790831
sample_01,gt,38,243.0,67.21320343559643,0.8946011085053356,0.9566929133858267,42.991769547325106,250.7119341563786
sample_01,gt,39,421.0,79.35533905932738,0.7254236211712565,0.946067415730337,80.31353919239905,145.7648456057007
sample_01,gt,40,366.0,72.5269119345812,0.7338387344544874,0.9506493506493506,55.095628415300546,138.95628415300547
sample_01,gt,41,382.0,73.11269837220809,0.745716484342522,0.9646464646464646,108.40052356020942,215.49214659685865
sample_01,gt,42,24.0,22.0,0.9916934417212514,0.9230769230769231,205.0,0.375
sample_01,gt,43,230.0,56.14213562373095,0.5469811150042913,0.9465020576131687,232.6695652173913,7.591304347826087
sample_01,gt,44,280.0,68.2842712474619,0.862856235334563,0.9271523178807947,190.8357142857143,8.678571428571429
sample_01,gt,45,330.0,68.87005768508881,0.3702855587223842,0.9620991253644315,152.5121212121212,8.387878787878789
sample_01,gt,46,329.0,67.1126983722081,0.6197115739874431,0.9591836734693877,135.0060790273556,31.29179331306991
sample_01,gt,47,209.0,58.38477631085023,0.8392874752296837,0.9457013574660633,121.33014354066985,4.535885167464115
sample_01,gt,48,388.0,76.07716446627535,0.7428832134241528,0.9394673123486683,97.4639175257732,184.159793814433
sample_01,gt,49,338.0,70.18376618407356,0.671977106716276,0.9467787114845938,74.17455621301775,190.76923076923077
sample_01,gt,50,160.0,46.970562748477136,0.7900224538563998,0.963855421686747,195.1125,46.50625
sample_01,gt,51,266.0,59.698484809834994,0.5526860163127476,0.9672727272727273,192.12781954887217,226.78947368421052
sample_01,gt,52,480.0,83.11269837220809,0.80059210019884,0.973630831643002,224.73541666666668,205.75
sample_01,gt,53,395.0,76.35533905932738,0.7584351773801528,0.9495192307692307,42.69873417721519,60.539240506329115
sample_01,gt,54,358.0,73.94112549695429,0.6136224289437325,0.9132653061224489,185.8240223463687,131.2513966480447
sample_01,gt,55,345.0,69.94112549695429,0.7601776549083191,0.9610027855153204,200.38550724637682,116.4608695652174
sample_01,gt,56,333.0,68.2842712474619,0.7396475769867332,0.9568965517241379,55.27627627627628,83.56156156156156
sample_01,gt,57,269.0,60.2842712474619,0.6581884232982423,0.96415770609319,73.36059479553903,89.80297397769517
sample_01,gt,58,445.0,79.698484809835,0.7105402301869546,0.959051724137931,213.5258426966292,160.56404494382022
sample_01,gt,59,157.0,47.384776310850235,0.789291941718225,0.9345238095238095,187.59872611464968,179.25477707006368
sample_01,gt,60,223.0,56.04163056034261,0.728071456633329,0.9612068965517241,248.17937219730942,153.1659192825112
sample_01,gt,61,246.0,58.04163056034261,0.6236842445041075,0.9571984435797666,224.41463414634146,74.3130081300813
sample_01,gt,62,34.0,22.242640687119284,0.9330453201342345,0.9444444444444444,69.79411764705883,1.2058823529411764
sample_01,gt,63,301.0,75.55634918610404,0.9351624530089266,0.9678456591639871,4.5647840531561465,146.81727574750832
sample_01,gt,64,213.0,53.698484809834994,0.6960795986837125,0.9594594594594594,183.8544600938967,149.64788732394365
sample_01,gt,65,195.0,51.21320343559643,0.5493691210728007,0.9466019417475728,61.65128205128205,247.00512820512822
sample_01,gt,66,435.0,79.94112549695427,0.7055640323650715,0.9354838709677419,127.26436781609195,187.0758620689655
sample_01,gt,67,251.0,58.87005768508881,0.09955441326321904,0.9471698113207547,136.66533864541833,130.09561752988049
sample_01,gt,68,196.0,51.87005768508881,0.6728473606937533,0.9333333333333333,114.03061224489795,146.39795918367346
sample_01,gt,69,1.0,0.0,0.0,1.0,255.0,0.0
sample_01,gt,70,92.0,37.69238815542512,0.8771373536427605,0.9019607843137255,252.30434782608697,193.15217391304347
sample_01,gt,71,121.0,56.10660171779821,0.9693867889793734,0.8962962962962963,2.1074380165289255,105.9504132231405
sample_01,gt,72,291.0,74.76955262170047,0.7634010804135344,0.8459302325581395,169.34364261168386,31.216494845360824
sample_01,gt,73,483.0,85.698484809835,0.7254019273001288,0.9252873563218391,47.5879917184265,180.8944099378882
sample_01,gt,74,163.0,48.62741699796952,0.7920092664114676,0.9367816091954023,172.69938650306747,191.03067484662577
sample_01,stardist,1,240.0,56.2842712474619,0.4087735807910663,0.9523809523809523,191.76666666666668,226.06666666666666
sample_01,stardist,2,435.0,75.35533905932738,0.4478388171506249,0.9688195991091314,152.13103448275862,151.34022988505748
sample_01,stardist,3,282.0,61.11269837220809,0.5025117724837403,0.9494949494949495,180.0177304964539,86.52127659574468
sample_01,stardist,4,373.0,70.5269119345812,0.4871698915976884,0.9539641943734015,37.53083109919571,149.95710455764075
sample_01,stardist,5,269.0,58.87005768508881,0.4126885540989769,0.9607142857142857,224.00371747211895,102.53159851301115
sample_01,stardist,6,349.0,67.35533905932738,0.4050506206195711,0.9667590027700831,108.03438395415473,41.59025787965616
sample_01,stardist,7,355.0,69.11269837220809,0.678655143844388,0.9673024523160763,153.9774647887324,46.28450704225352
sample_01,stardist,8,294.0,62.284271247461895,0.6106967917121009,0.9639344262295082,241.24149659863946,119.26190476190476
sample_01,stardist,9,430.0,77.94112549695427,0.7210598330233013,0.9534368070953437,108.11627906976744,213.8
sample_01,stardist,10,389.0,75.01219330881976,0.756831632818227,0.9511002444987775,149.9408740359897,227.79948586118252
sample_01,stardist,11,330.0,65.11269837220809,0.42078026141966074,0.9705882352941176,72.80606060606061,63.38484848484848
sample_01,stardist,12,365.0,69.94112549695429,0.5378591489466256,0.9605263157894737,15.780821917808218,52.56712328767123
sample_01,stardist,13,357.0,68.5269119345812,0.23977530526634713,0.9571045576407506,53.747899159663866,104.59943977591037
sample_01,stardist,14,361.0,70.5269119345812,0.7182071972431804,0.9601063829787234,96.87257617728532,128.0027700831025
sample_01,stardist,15,299.0,63.112698372208094,0.6947510425037831,0.9771241830065359,33.48160535117057,186.74916387959865
sample_01,stardist,16,242.0,55.45584412271571,0.6483515070159412,0.9758064516129032,39.747933884297524,83.73553719008264
sample_01,stardist,17,350.0,70.2842712474619,0.764107033873255,0.958904109589041,16.791428571428572,117.47142857142858
sample_01,stardist,18,328.0,66.5269119345812,0.7139135419729061,0.967551622418879,76.6798780487805,14.182926829268293
sample_01,stardist,19,258.0,59.11269837220809,0.5540412806246918,0.9485294117647058,151.56589147286823,125.21317829457364
sample_01,stardist,20,225.0,53.79898987322333,0.5241337965738871,0.9656652360515021,247.9911111111111,171.86666666666667
sample_01,stardist,21,351.0,68.2842712474619,0.60228630789376,0.9616438356164384,228.32763532763533,239.4900284900285
sample_01,stardist,22,224.0,53.21320343559643,0.4667120382975047,0.9739130434782609,247.125,76.74553571428571
sample_01,stardist,23,325.0,68.18376618407356,0.785952163711416,0.9558823529411765,39.901538461538465,213.1076923076923
sample_01,stardist,24,264.0,59.698484809834994,0.5970809690071791,0.9530685920577617,18.943181818181817,27.700757575757574
sample_01,stardist,25,358.0,67.698484809835,0.5557198136285072,0.988950276243094,195.231843575419,246.7849162011173
sample_01,stardist,26,192.0,50.38477631085023,0.4906970298434595,0.964824120603015,249.25520833333334,42.9375
sample_01,stardist,27,343.0,68.5269119345812,0.7373669318724134,0.9661971830985916,14.580174927113703,89.90087463556851
sample_01,stardist,28,303.0,64.52691193458118,0.7648027843628642,0.9619047619047619,41.84158415841584,58.80858085808581
sample_01,stardist,29,287.0,62.04163056034262,0.6895372155674248,0.9630872483221476,90.68989547038328,65.1951219512195
sample_01,stardist,30,382.0,72.76955262170047,0.6512562163317644,0.955,120.13089005235602,68.49738219895288
sample_01,stardist,31,252.0,56.04163056034261,0.40102925428146785,0.9767441860465116,134.42460317460316,29.92063492063492
sample_01,stardist,32,195.0,50.62741699796952,0.6680131116001239,0.9558823529411765,74.16410256410256,89.47692307692307
sample_01,stardist,33,440.0,79.94112549695427,0.7307768724823065,0.9565217391304348,39.35454545454545,25.35909090909091
sample_01,stardist,34,279.0,61.11269837220809,0.6319553270048115,0.9587628865979382,55.21146953405018,137.44444444444446
sample_01,stardist,35,362.0,71.11269837220809,0.74268363961956,0.9551451187335093,96.98618784530387,183.85911602209944
sample_01,stardist,36,200.0,50.62741699796952,0.5752752970940906,0.9615384615384616,225.06,73.67
sample_01,stardist,37,357.0,70.76955262170047,0.7371240809534768,0.9596774193548387,79.92997198879551,144.41176470588235
sample_01,stardist,38,224.0,58.526911934581186,0.8452916049306708,0.9451476793248945,213.10267857142858,124.89285714285714
sample_01,stardist,39,174.0,47.21320343559643,0.6391967341550705,0.9560439560439561,187.48850574712642,179.5977011494253
sample_01,stardist,40,180.0,46.970562748477136,0.4530442006999974,0.9782608695652174,233.12777777777777,6.183333333333334
sample_01,stardist,41,149.0,43.55634918610404,0.731184404439186,0.9738562091503268,194.91946308724832,45.81208053691275
sample_01,stardist,42,290.0,65.11269837220809,0.7847706364281478,0.9477124183006536,164.3655172413793,72.34482758620689
sample_01,stardist,43,201.0,52.04163056034262,0.6785536560084361,0.9663461538461539,5.577114427860696,69.50248756218906
sample_01,stardist,44,168.0,47.798989873223334,0.7274901783036349,0.9710982658959537,92.4702380952381,4.714285714285714
sample_01,stardist,45,378.0,71.35533905932738,0.6204656478221892,0.9692307692307692,212.78571428571428,159.26190476190476
sample_01,stardist,46,329.0,68.18376618407356,0.6876857593385375,0.9454022988505747,73.84498480243161,190.19148936170214
sample_01,stardist,47,254.0,57.45584412271571,0.580513978585553,0.9621212121212122,182.23622047244095,150.26771653543307
sample_01,stardist,48,372.0,74.5269119345812,0.8359384699978314,0.9538461538461539,226.25537634408602,204.66129032258064
sample_01,stardist,49,177.0,47.21320343559643,0.6424338429459295,0.9672131147540983,60.63841807909605,246.29378531073445
sample_01,stardist,50,124.0,41.79898987322333,0.7855869611172824,0.9253731343283582,172.59677419354838,190.86290322580646
sample_01,stardist,51,279.0,62.8700576850888,0.7816683670363117,0.9522184300341296,188.68817204301075,7.695340501792114
sample_01,stardist,52,580.0,94.08326112068522,0.8223184641705509,0.9586776859504132,190.86206896551724,123.11724137931034
sample_01,stardist,53,99.0,35.21320343559643,0.523583123617056,0.9519230769230769,166.64646464646464,200.8080808080808
sample_01,stardist,54,202.0,51.45584412271571,0.5598651060259002,0.9528301886792453,210.52475247524754,221.0148514851485
sample_01,stardist,55,235.0,55.45584412271571,0.6943632652643134,0.9710743801652892,56.05531914893617,82.42978723404255
sample_01,stardist,56,141.0,44.384776310850235,0.7574630276733428,0.9657534246575342,123.12056737588652,4.085106382978723
sample_01,stardist,57,215.0,53.45584412271571,0.6330173467449551,0.9513274336283186,129.90232558139536,188.11627906976744
sample_01,stardist,58,228.0,54.8700576850888,0.6692076188812163,0.9620253164556962,204.21491228070175,188.43859649122808
sample_01,classical,1,238.0,58.38477631085024,0.7034798586750959,0.9635627530364372,5.756302521008403,69.21848739495799
sample_01,classical,2,206.0,89.80508652763321,0.8281711013286641,0.7773584905660378,11.567961165048544,230.03398058252426
sample_01,classical,3,391.0,76.2842712474619,0.757721250375375,0.9490291262135923,13.232736572890026,90.41943734015345
sample_01,classical,4,522.0,131.63961030678928,0.6704172178574892,0.8312101910828026,10.168582375478927,145.5823754789272
sample_01,classical,5,526.0,221.68733752154176,0.8471857117876479,0.5378323108384458,20.73764258555133,240.57604562737643
sample_01,classical,6,418.0,74.76955262170047,0.5224105042113247,0.954337899543379,15.409090909090908,53.10765550239235
sample_01,classical,7,374.0,73.94112549695427,0.7692227827331595,0.9639175257731959,16.644385026737968,117.49732620320856
sample_01,classical,8,43.0,29.72792206135785,0.8101210113778223,0.7543859649122807,16.837209302325583,13.604651162790697
sample_01,classical,9,231.0,55.21320343559643,0.36664146674633086,0.9625,17.571428571428573,27.73160173160173
sample_01,classical,10,105.0,52.87005768508881,0.8849473873752055,0.7894736842105263,19.542857142857144,168.28571428571428
sample_01,classical,11,33.0,21.31370849898476,0.7789438254411091,0.868421052631579,28.303030303030305,71.06060606060606
sample_01,classical,12,328.0,67.35533905932738,0.6495382213043247,0.9618768328445748,33.676829268292686,186.84756097560975
sample_01,classical,13,125.0,47.3492424049175,0.9100495070844228,0.9615384615384616,41.44,2.816
sample_01,classical,14,475.0,86.94112549695427,0.6653076573592672,0.9187620889748549,35.69263157894737,150.39368421052632
sample_01,classical,15,519.0,95.2193000900063,0.7555297890129586,0.9010416666666666,38.67052023121387,25.40655105973025
sample_01,classical,16,258.0,61.248737341529164,0.587667847524263,0.9214285714285714,39.825581395348834,83.53875968992249
sample_01,classical,17,385.0,81.8700576850888,0.6763992709325025,0.8995327102803738,38.95064935064935,213.44155844155844
sample_01,classical,18,348.0,75.01219330881976,0.7158661947775994,0.90625,41.66954022988506,58.24425287356322
sample_01,classical,19,282.0,74.04163056034263,0.8785690724347615,0.9368770764119602,43.60283687943262,250.13120567375887
sample_01,classical,20,290.0,77.84062043356593,0.8709425849331254,0.8405797101449275,49.9,182.41034482758621
sample_01,classical,21,407.0,74.76955262170047,0.4694727814377107,0.969047619047619,53.52088452088452,104.56511056511056
sample_01,classical,22,183.0,64.94112549695427,0.903372668732915,0.8169642857142857,53.73770491803279,40.349726775956285
sample_01,classical,23,268.0,66.698484809835,0.6736902732161475,0.9084745762711864,56.264925373134325,82.54477611940298
sample_01,classical,24,376.0,77.698484809835,0.6481762559233523,0.9238329238329238,54.94946808510638,137.48936170212767
sample_01,classical,25,153.0,46.384776310850235,0.6607913696941372,0.9216867469879518,60.55555555555556,246.50980392156862
sample_01,classical,26,298.0,111.53300858899107,0.5774801230880859,0.8032345013477089,73.06375838926175,189.8221476510067
sample_01,classical,27,660.0,120.32590180780451,0.8249953838223041,0.8672798948751642,69.0409090909091,56.18939393939394
sample_01,classical,28,311.0,84.66904755831213,0.6433228637421826,0.7853535353535354,73.59485530546624,228.07073954983923
sample_01,classical,29,251.0,67.90559159102155,0.7911543095466017,0.8807017543859649,74.36254980079681,89.35059760956176
sample_01,classical,30,35.0,19.65685424949238,0.7815925401243614,1.0,75.02857142857142,244.77142857142857
sample_01,classical,31,376.0,71.94112549695429,0.6419001255605188,0.9567430025445293,76.62234042553192,14.14095744680851
sample_01,classical,32,5.0,5.207106781186548,0.816496580927726,1.0,76.4,104.2
sample_01,classical,33,438.0,94.49747468305833,0.7501744645221026,0.9182389937106918,79.26712328767124,144.5365296803653
sample_01,classical,34,29.0,20.071067811865476,0.8539160576717794,0.8285714285714286,80.20689655172414,117.44827586206897
sample_01,classical,35,320.0,68.2842712474619,0.7173444851234383,0.9302325581395349,90.453125,64.690625
sample_01,classical,36,199.0,53.55634918610404,0.7077192023140695,0.9567307692307693,92.37688442211055,5.185929648241206
sample_01,classical,37,10.0,9.0,0.9563728019160793,0.9090909090909091,92.4,83.9
sample_01,classical,38,7.0,7.207106781186548,0.8886656215775005,1.0,91.57142857142857,88.71428571428571
sample_01,classical,39,68.0,38.071067811865476,0.7003990567086814,0.6868686868686869,91.86764705882354,104.08823529411765
sample_01,classical,40,7.0,6.82842712474619,0.377964473009227,1.0,94.0,233.71428571428572
sample_01,classical,41,405.0,77.35533905932738,0.7424243988684323,0.9484777517564403,96.61234567901235,127.98518518518519
sample_01,classical,42,368.0,74.52691193458118,0.7538268276890915,0.9316455696202531,96.65217391304348,183.8586956521739
sample_01,classical,43,17.0,13.65685424949238,0.8125722203149065,0.9444444444444444,101.11764705882354,89.11764705882354
sample_01,classical,44,406.0,74.42640687119285,0.43966258720562307,0.9620853080568721,107.57635467980296,41.21182266009852
sample_01,classical,45,390.0,82.76955262170046,0.7390715636089791,0.9330143540669856,107.7025641025641,213.74102564102563
sample_01,classical,46,7.0,6.82842712474619,0.3779644730092273,1.0,113.71428571428571,104.0
sample_01,classical,47,42.0,26.970562748477143,0.9380815368706195,0.8936170212765957,114.42857142857143,92.54761904761905
sample_01,classical,48,240.0,74.14823227814082,0.8488433229549859,0.8108108108108109,116.74583333333334,146.09583333333333
sample_01,classical,49,254.0,77.11269837220809,0.7350434015128098,0.8355263157894737,119.76377952755905,6.18503937007874
sample_01,classical,50,404.0,75.01219330881976,0.6436545546347959,0.9596199524940617,120.38118811881188,68.44059405940594
sample_01,classical,51,10.0,8.449747468305834,0.8004714123777823,0.9090909090909091,120.8,126.6
sample_01,classical,52,101.0,50.62741699796952,0.6039416851293822,0.7593984962406015,132.74257425742573,149.15841584158414
sample_01,classical,53,256.0,85.97665940288701,0.7798775336449549,0.7664670658682635,127.4140625,186.97265625
sample_01,classical,54,4.0,4.414213562373095,0.9241763718304448,1.0,132.5,248.0
sample_01,classical,55,247.0,75.84062043356595,0.35413432492474795,0.9250936329588015,134.0242914979757,30.267206477732792
sample_01,classical,56,59.0,31.106601717798213,0.5407129378818935,0.8939393939393939,133.8135593220339,158.64406779661016
sample_01,classical,57,42.0,23.485281374238568,0.738408030068268,0.9130434782608695,149.57142857142858,8.761904761904763
sample_01,classical,58,400.0,76.76955262170047,0.7713941348717199,0.9501187648456056,149.875,227.815
sample_01,classical,59,454.0,92.91168824543142,0.8172064104359852,0.8919449901768173,146.2555066079295,126.44493392070484
sample_01,classical,60,451.0,78.42640687119285,0.49728391197889094,0.9636752136752137,151.90022172949003,151.1019955654102
sample_01,classical,61,11.0,9.414213562373096,0.7084437526351622,1.0,152.9090909090909,179.63636363636363
sample_01,classical,62,406.0,76.84062043356595,0.611215097082803,0.9354838709677419,153.9384236453202,45.783251231527096
sample_01,classical,63,3.0,3.414213562373095,0.816496580927726,1.0,157.66666666666666,92.66666666666667
sample_01,classical,64,2.0,0.0,1.0,1.0,158.0,108.5
sample_01,classical,65,125.0,48.72792206135786,0.9254521095029066,0.9328358208955224,153.136,3.008
sample_01,classical,66,71.0,41.21320343559643,0.4814293857362826,0.8875,166.74647887323943,200.64788732394365
sample_01,classical,67,340.0,71.94112549695427,0.7920469374599379,0.9366391184573003,164.29117647058823,72.57941176470588
sample_01,classical,68,238.0,65.698484809835,0.6884949969048179,0.8913857677902621,168.2563025210084,31.331932773109244
sample_01,classical,69,149.0,53.45584412271571,0.839926952988617,0.8869047619047619,173.25503355704697,191.74496644295303
sample_01,classical,70,80.0,39.21320343559643,0.4360504614815163,0.8333333333333334,176.1,220.6625
sample_01,classical,71,302.0,63.45584412271571,0.4521888733703257,0.9526813880126183,179.7019867549669,86.03973509933775
sample_01,classical,72,7.0,6.0,0.9614092233077123,0.875,185.57142857142858,26.285714285714285
sample_01,classical,73,179.0,50.62741699796952,0.5887406162583264,0.9421052631578948,187.2513966480447,179.49162011173183
sample_01,classical,74,424.0,117.29036790187178,0.7887730744214756,0.8122605363984674,192.0188679245283,8.20754716981132
sample_01,classical,75,881.0,189.9594154601839,0.8929809982541947,0.7944093778178539,185.92849035187288,132.7060158910329
sample_01,classical,76,286.0,69.2842712474619,0.6716062509354837,0.89937106918239,190.06993006993008,225.95454545454547
sample_01,classical,77,6.0,6.414213562373095,0.48795003647426677,0.8571428571428571,191.83333333333334,211.33333333333334
sample_01,classical,78,181.0,69.04163056034261,0.8565537490200289,0.7801724137931034,195.51381215469613,47.74585635359116
sample_01,classical,79,391.0,74.5269119345812,0.5379733071255507,0.9606879606879607,194.7826086956522,246.40153452685422
sample_01,classical,80,31.0,21.52081528017131,0.7624132375868881,0.6595744680851063,199.2258064516129,63.16129032258065
sample_01,classical,81,124.0,52.66295090390226,0.6197709588266622,0.8378378378378378,202.2741935483871,188.74193548387098
sample_01,classical,82,209.0,63.35533905932738,0.5596189222803618,0.8781512605042017,203.2775119617225,111.60287081339713
sample_01,classical,83,144.0,59.87005768508881,0.7666053545846747,0.7783783783783784,208.20138888888889,19.5
sample_01,classical,84,173.0,62.73401871576773,0.6716119609981805,0.8737373737373737,210.10982658959537,220.9306358381503
sample_01,classical,85,268.0,64.87005768508881,0.8112538347515454,0.9337979094076655,212.4179104477612,125.6455223880597
sample_01,classical,86,337.0,83.35533905932738,0.6008545644774439,0.828009828009828,212.47181008902078,157.08308605341247
sample_01,classical,87,192.0,72.5269119345812,0.41651882730858975,0.8067226890756303,216.88541666666666,172.046875
sample_01,classical,88,182.0,49.45584412271571,0.5883501001479435,0.9528795811518325,224.62087912087912,74.0934065934066
sample_01,classical,89,343.0,82.31980515339464,0.6620086290415357,0.8683544303797468,222.71428571428572,102.52769679300292
sample_01,classical,90,434.0,98.08326112068522,0.8120908775495261,0.9079497907949791,225.0184331797235,205.1635944700461
sample_01,classical,91,385.0,75.698484809835,0.6063480122753909,0.918854415274463,228.0987012987013,239.15584415584416
sample_01,classical,92,57.0,35.384776310850235,0.8752350865420685,0.7808219178082192,231.3684210526316,25.140350877192983
sample_01,classical,93,208.0,52.04163056034261,0.41004753678743977,0.9629629629629629,232.32692307692307,6.884615384615385
sample_01,classical,94,27.0,17.071067811865476,0.6153455320175383,0.9310344827586207,237.7037037037037,31.88888888888889
sample_01,classical,95,306.0,63.698484809834994,0.576167126339516,0.9622641509433962,240.9640522875817,119.30392156862744
sample_01,classical,96,109.0,45.72792206135785,0.5321083358146244,0.8449612403100775,250.55963302752295,191.67889908256882
sample_01,classical,97,254.0,60.62741699796952,0.5315855208670621,0.9304029304029304,247.45275590551182,77.03937007874016
sample_01,classical,98,205.0,55.55634918610404,0.7502848612697729,0.9579439252336449,250.00975609756097,19.385365853658538
sample_01,classical,99,207.0,54.14213562373095,0.6314342741201364,0.9409090909090909,249.18357487922705,42.81642512077295
sample_01,classical,100,258.0,69.21320343559643,0.6049630257111576,0.9347826086956522,247.7170542635659,153.4496124031008
sample_01,classical,101,260.0,60.970562748477136,0.4166425032887258,0.959409594095941,247.56923076923076,171.20384615384614
sample_01,classical,102,170.0,59.45584412271571,0.8631758880657603,0.918918918918919,251.2764705882353,223.7235294117647
sample_01,classical,103,9.0,9.207106781186548,0.9294403032006735,1.0,250.22222222222223,239.55555555555554
sample_01,classical,104,117.0,41.071067811865476,0.8142843284265359,0.9669421487603306,248.60683760683762,251.46153846153845
sample_02,gt,1,44.0,30.621320343559642,0.9840160755593099,0.9361702127659575,0.8409090909090909,97.20454545454545
sample_02,gt,2,420.0,77.11269837220809,0.7596678657897739,0.967741935483871,12.395238095238096,115.19761904761904
sample_02,gt,3,402.0,74.04163056034261,0.6346370452669989,0.9686746987951808,42.57462686567164,104.68905472636816
sample_02,gt,4,450.0,84.08326112068522,0.8003571587916835,0.9316770186335404,46.65111111111111,127.54
sample_02,gt,5,509.0,85.69848480983498,0.27064982288749323,0.9478584729981379,83.01768172888016,24.952848722986246
sample_02,gt,6,138.0,51.52081528017131,0.9291582779234568,0.9452054794520548,21.1231884057971,252.18115942028984
sample_02,gt,7,329.0,69.69848480983501,0.7827294208873385,0.9619883040935673,53.50759878419453,248.2370820668693
sample_02,gt,8,191.0,59.21320343559643,0.9268744820440871,0.9271844660194175,33.19895287958115,241.63350785340313
sample_02,gt,9,414.0,85.79898987322333,0.8971366552986382,0.9345372460496614,81.0072463768116,235.91787439613526
sample_02,gt,10,359.0,72.52691193458118,0.7393618155257203,0.9497354497354498,29.409470752089135,197.0974930362117
sample_02,gt,11,340.0,70.62741699796952,0.6279783147623269,0.9577464788732394,9.061764705882354,204.04705882352943
sample_02,gt,12,294.0,61.698484809834994,0.508244932798009,0.98,58.343537414965986,159.88095238095238
sample_02,gt,13,526.0,90.87005768508881,0.8578683275882396,0.9616087751371115,95.40114068441065,181.40494296577947
sample_02,gt,14,426.0,85.01219330881975,0.8860346026122857,0.9403973509933775,92.63849765258216,159.2300469483568
sample_02,gt,15,472.0,83.4558441227157,0.75766367029694,0.9691991786447639,75.83898305084746,134.45974576271186
sample_02,gt,16,555.0,91.84062043356596,0.8240162548470661,0.9536082474226805,83.05945945945946,92.75135135135135
sample_02,gt,17,649.0,104.32590180780451,0.8726206522512046,0.9558173784977909,139.31587057010785,76.57473035439138
sample_02,gt,18,511.0,89.7401153701776,0.8567292566707524,0.9569288389513109,124.81409001956948,14.898238747553815
sample_02,gt,19,111.0,44.72792206135786,0.8989337353780534,0.940677966101695,132.0,2.9279279279279278
sample_02,gt,20,236.0,63.59188309203678,0.8442058514575488,0.9554655870445344,90.5635593220339,5.021186440677966
sample_02,gt,21,270.0,60.2842712474619,0.6522540756992884,0.9818181818181818,63.34074074074074,9.233333333333333
sample_02,gt,22,246.0,62.62741699796952,0.8735101927262882,0.924812030075188,59.03252032520325,31.869918699186993
sample_02,gt,23,517.0,88.42640687119285,0.7164918460431252,0.9451553930530164,135.41972920696324,46.29013539651837
sample_02,gt,24,52.0,26.27817459305202,0.8103713890790247,0.9811320754716981,177.40384615384616,2.1153846153846154
sample_02,gt,25,565.0,88.18376618407356,0.6290897293299059,0.9641638225255973,195.71858407079645,55.72920353982301
sample_02,gt,26,375.0,73.35533905932738,0.7676061529821172,0.9566326530612245,223.49066666666667,55.6
sample_02,gt,27,325.0,68.62741699796952,0.6960201021665875,0.9643916913946587,248.07692307692307,45.713846153846156
sample_02,gt,28,540.0,87.94112549695427,0.7212256654797967,0.976491862567812,241.87037037037038,131.71666666666667
sample_02,gt,29,551.0,90.18376618407356,0.6895052611558958,0.9616055846422339,196.0907441016334,146.55172413793105
sample_02,gt,30,706.0,104.66904755831214,0.8439465484610437,0.9605442176870749,203.5014164305949,121.73087818696884
sample_02,gt,31,267.0,61.55634918610404,0.3170633348044474,0.960431654676259,247.53932584269663,184.89138576779027
sample_02,gt,32,287.0,62.87005768508881,0.7158941414684176,0.9566666666666667,222.37282229965157,154.63066202090593
sample_02,gt,33,381.0,72.5269119345812,0.44632568008956036,0.9621212121212122,131.61679790026247,102.05774278215223
sample_02,gt,34,844.0,119.25483399593904,0.8492264677246704,0.9409141583054627,139.3708530805687,130.86611374407582
sample_02,gt,35,701.0,104.32590180780451,0.8508497711773486,0.9615912208504801,146.86162624821682,177.45934379457918
sample_02,gt,36,432.0,97.94112549695427,0.9265663378070544,0.8404669260700389,145.15277777777777,151.5810185185185
sample_02,gt,37,328.0,79.45584412271572,0.9339383976419898,0.9085872576177285,201.0701219512195,205.765243902439
sample_02,gt,38,325.0,80.2842712474619,0.9339872398395466,0.9180790960451978,220.35384615384615,192.24
sample_02,gt,39,165.0,48.27817459305202,0.7327076296233109,0.9821428571428571,250.3090909090909,222.84242424242424
sample_02,gt,40,361.0,69.79898987322332,0.6443627755724055,0.989041095890411,178.80886426592798,220.13850415512465
sample_02,gt,41,243.0,58.04163056034262,0.7870053463795449,0.9642857142857143,152.34567901234567,219.6172839506173
sample_02,gt,42,263.0,71.34924240491749,0.9325791344960273,0.9669117647058824,96.40304182509506,250.69961977186313
sample_02,gt,43,185.0,51.31370849898476,0.7147449127118487,0.9788359788359788,5.1891891891891895,148.14594594594595
sample_02,gt,44,208.0,64.38477631085023,0.9318084205676883,0.9043478260869565,37.57211538461539,227.53365384615384
sample_02,gt,45,485.0,87.94112549695427,0.8612483789099359,0.9528487229862476,33.55257731958763,56.59381443298969
sample_02,gt,46,229.0,58.8700576850888,0.8364795575204502,0.9271255060728745,49.6768558951965,172.27947598253274
sample_02,stardist,1,518.0,83.84062043356595,0.5350522709082646,0.961038961038961,223.33976833976834,56.25289575289575
sample_02,stardist,2,367.0,71.11269837220809,0.6533645659294867,0.9532467532467532,42.171662125340596,104.71389645776567
sample_02,stardist,3,511.0,83.59797974644665,0.5880068207806044,0.9587242026266416,135.27592954990214,44.49706457925636
sample_02,stardist,4,479.0,79.59797974644665,0.21876119858480852,0.9637826961770624,82.63465553235908,24.569937369519835
sample_02,stardist,5,506.0,83.01219330881976,0.6740644946016277,0.9674952198852772,194.86166007905138,54.84782608695652
sample_02,stardist,6,685.0,102.08326112068522,0.8243574626673558,0.9661495063469676,146.13722627737226,177.36496350364965
sample_02,stardist,7,703.0,106.81118318204308,0.8702671073398124,0.9656593406593407,139.88335704125177,75.07539118065434
sample_02,stardist,8,304.0,62.62741699796952,0.45738926514429595,0.977491961414791,8.217105263157896,202.3453947368421
sample_02,stardist,9,527.0,90.66904755831214,0.8632891841735596,0.9616788321167883,83.65085388994308,92.1404174573055
sample_02,stardist,10,628.0,93.59797974644667,0.6613576724943134,0.9661538461538461,240.62420382165604,129.828025477707
sample_02,stardist,11,352.0,71.35533905932738,0.7275397462392803,0.946236559139785,179.0369318181818,219.79829545454547
sample_02,stardist,12,384.0,73.59797974644667,0.7440236216906173,0.96,11.830729166666666,114.46614583333333
sample_02,stardist,13,622.0,95.25483399593904,0.7872014364122901,0.97339593114241,203.57877813504822,119.5
sample_02,stardist,14,419.0,78.76955262170047,0.739995103180189,0.945823927765237,28.16467780429594,195.27923627684964
sample_02,stardist,15,345.0,69.4558441227157,0.7146251137052209,0.971830985915493,247.80869565217392,44.39420289855072
sample_02,stardist,16,541.0,88.66904755831214,0.7766353953977174,0.9695340501792115,194.80961182994454,145.39556377079484
sample_02,stardist,17,440.0,81.49747468305833,0.8536222576421225,0.9691629955947136,45.30909090909091,127.42727272727272
sample_02,stardist,18,356.0,75.11269837220809,0.8709322503100921,0.9518716577540107,219.0365168539326,192.01685393258427
sample_02,stardist,19,386.0,74.76955262170047,0.8018313261250422,0.9625935162094763,93.6839378238342,157.34715025906735
sample_02,stardist,20,511.0,85.35533905932738,0.7683610313570773,0.9623352165725048,76.706457925636,133.279843444227
sample_02,stardist,21,541.0,92.18376618407356,0.8693298793731234,0.9660714285714286,95.94639556377079,179.77634011090572
sample_02,stardist,22,384.0,76.5269119345812,0.8616401337006896,0.96,201.97135416666666,204.41145833333334
sample_02,stardist,23,297.0,62.2842712474619,0.3769521332057574,0.9642857142857143,63.313131313131315,8.04040404040404
sample_02,stardist,24,532.0,95.49747468305833,0.8879257712539461,0.9415929203539823,146.656015037594,150.47368421052633
sample_02,stardist,25,403.0,81.84062043356595,0.8637341358418356,0.9200913242009132,153.39950372208438,219.86352357320098
sample_02,stardist,26,303.0,63.11269837220809,0.6694249355615766,0.9680511182108626,220.88778877887788,153.23102310231022
sample_02,stardist,27,355.0,77.35533905932738,0.8703605659776507,0.9366754617414248,80.3718309859155,235.07605633802817
sample_02,stardist,28,348.0,70.52691193458118,0.755191555674661,0.9456521739130435,193.8793103448276,12.600574712643677
sample_02,stardist,29,229.0,58.04163056034261,0.4232680767508023,0.9385245901639344,248.11353711790392,185.03056768558952
sample_02,stardist,30,758.0,108.5685424949238,0.8253387397900301,0.9668367346938775,137.9221635883905,129.04353562005278
sample_02,stardist,31,536.0,88.08326112068522,0.8035632240089077,0.9710144927536232,124.53917910447761,13.292910447761194
sample_02,stardist,32,397.0,78.52691193458118,0.8533426990429802,0.9543269230769231,37.068010075566754,55.83375314861461
sample_02,stardist,33,709.0,107.98275605729688,0.8789821444957907,0.9633152173913043,52.60789844851904,165.88716502115656
sample_02,stardist,34,379.0,72.5269119345812,0.6788234126100262,0.9546599496221663,132.9947229551451,101.79683377308707
sample_02,stardist,35,437.0,81.698484809835,0.8280897988900114,0.9583333333333334,49.640732265446225,245.94050343249427
sample_02,stardist,36,291.0,65.11269837220809,0.7972960174276795,0.9572368421052632,173.92439862542955,237.20962199312714
sample_02,stardist,37,269.0,60.04163056034261,0.6714697334795336,0.9607142857142857,59.66542750929368,29.78810408921933
sample_02,stardist,38,222.0,55.21320343559643,0.6862790704912848,0.9736842105263158,101.93693693693693,249.4099099099099
sample_02,stardist,39,240.0,56.2842712474619,0.7466777678723342,0.975609756097561,158.50833333333333,66.42083333333333
sample_02,classical,1,37.0,24.31370849898476,0.8847384218785573,0.8222222222222222,9.027027027027026,89.83783783783784
sample_02,classical,2,596.0,162.36143571373725,0.8774213062824163,0.7163461538461539,8.51006711409396,149.88926174496643
sample_02,classical,3,57.0,34.72792206135786,0.8762452800206649,0.7307692307692307,10.666666666666666,165.08771929824562
sample_02,classical,4,342.0,69.21320343559643,0.49326345319533743,0.9633802816901409,8.11111111111111,202.22222222222223
sample_02,classical,5,634.0,124.63351365237939,0.6468314430734956,0.8170103092783505,10.182965299684543,112.17350157728707
sample_02,classical,6,141.0,66.24873734152916,0.7812988845356181,0.705,8.382978723404255,230.5035460992908
sample_02,classical,7,87.0,59.59188309203678,0.7372266855485664,0.5087719298245614,7.252873563218391,62.689655172413794
sample_02,classical,8,1.0,0.0,0.0,1.0,18.0,18.0
sample_02,classical,9,49.0,31.935028842544405,0.959188965999134,0.7903225806451613,22.632653061224488,159.77551020408163
sample_02,classical,10,54.0,30.14213562373095,0.8221531770038559,0.782608695652174,19.25925925925926,35.74074074074074
sample_02,classical,11,75.0,35.798989873223334,0.9045668533091824,0.8823529411764706,22.88,6.52
sample_02,classical,12,71.0,50.52691193458118,0.9144458950833138,0.46710526315789475,19.309859154929576,172.56338028169014
sample_02,classical,13,4.0,3.2071067811865475,0.9128709291752769,0.8,22.25,88.75
sample_02,classical,14,471.0,86.07716446627535,0.5801785750057029,0.9075144508670521,27.29299363057325,195.69426751592357
sample_02,classical,15,39.0,22.727922061357855,0.8756591946287404,0.9285714285714286,33.35897435897436,34.64102564102564
sample_02,classical,16,57.0,38.970562748477136,0.6607189030060072,0.6063829787234043,35.85964912280702,149.19298245614036
sample_02,classical,17,357.0,93.39087296526012,0.8164672640032367,0.8283062645011601,37.896358543417364,75.87114845938375
sample_02,classical,18,2948.0,334.1726188957804,0.8734300172439898,0.8163943505954029,46.710312075983715,232.36567164179104
sample_02,classical,19,629.0,120.49747468305833,0.894708012466284,0.8375499334221038,38.268680445151034,55.952305246422895
sample_02,classical,20,242.0,85.97665940288701,0.7213291007367112,0.7355623100303952,49.82644628099174,197.1198347107438
sample_02,classical,21,589.0,103.60407640085654,0.8046510768840414,0.9160186625194401,43.602716468590835,126.82682512733446
sample_02,classical,22,592.0,125.46194077712559,0.796845320990167,0.7978436657681941,39.36317567567568,107.48817567567568
sample_02,classical,23,724.0,130.1543289325507,0.5963564876899601,0.8134831460674158,44.41574585635359,174.23342541436463
sample_02,classical,24,486.0,96.87615433949868,0.47521765798350324,0.851138353765324,57.58230452674897,155.77572016460906
sample_02,classical,25,159.0,60.18376618407356,0.7856691394166014,0.8736263736263736,61.484276729559745,68.28930817610063
sample_02,classical,26,17.0,13.863961030678928,0.9008738352064366,0.7727272727272727,67.0,115.6470588235294
sample_02,classical,27,71.0,32.55634918610404,0.6938348399800119,0.8765432098765432,65.29577464788733,181.85915492957747
sample_02,classical,28,46.0,26.14213562373095,0.7594678672985855,0.8846153846153846,68.8913043478261,193.3695652173913
sample_02,classical,29,1857.0,189.18986283848346,0.6661360093874155,0.9489013796627491,73.5239633817986,17.43241787829833
sample_02,classical,30,753.0,113.49747468305833,0.8038179531541135,0.9205378973105135,77.72509960159363,133.8512616201859
sample_02,classical,31,1054.0,212.13098833543773,0.848974180499127,0.7836431226765799,77.75047438330171,94.43358633776091
sample_02,classical,32,1083.0,146.29036790187178,0.7450420772774978,0.8643256185155627,91.76084949215144,155.2742382271468
sample_02,classical,33,210.0,73.83452377915606,0.9383931686324852,0.8108108108108109,93.22857142857143,200.34285714285716
sample_02,classical,34,771.0,127.9827560572969,0.8026938474094854,0.8811428571428571,94.96757457846952,181.38391699092088
sample_02,classical,35,1579.0,282.40916292848976,0.9582641318428752,0.7859631657541065,108.55668144395187,244.6333122229259
sample_02,classical,36,78.0,34.69238815542512,0.6708433196947818,0.8863636363636364,99.46153846153847,132.37179487179486
sample_02,classical,37,46.0,26.449747468305834,0.7506979178343706,0.8518518518518519,108.6304347826087,200.08695652173913
sample_02,classical,38,37.0,24.485281374238568,0.7967487453891137,0.8604651162790697,107.24324324324324,32.4054054054054
sample_02,classical,39,170.0,57.45584412271571,0.8055515078152922,0.85,109.43529411764706,130.2941176470588
sample_02,classical,40,485.0,96.6335136523794,0.7826012944599884,0.9082397003745318,117.62886597938144,167.08659793814434
sample_02,classical,41,113.0,42.72792206135786,0.7605877830778265,0.9186991869918699,119.73451327433628,198.49557522123894
sample_02,classical,42,43.0,26.692388155425114,0.6185287583098055,0.7678571428571429,122.34883720930233,230.93023255813952
sample_02,classical,43,1095.0,164.3259018078045,0.6602222594209287,0.8423076923076923,125.10776255707762,14.270319634703196
sample_02,classical,44,330.0,76.42031021678298,0.7072179563962763,0.8847184986595175,128.0787878787879,99.01212121212122
sample_02,classical,45,359.0,77.21320343559643,0.6599623600281068,0.9324675324675324,126.31197771587743,68.83286908077994
sample_02,classical,46,856.0,135.18986283848344,0.6699041485002245,0.8585757271815446,135.56658878504672,43.925233644859816
sample_02,classical,47,3.0,1.0,1.0,1.0,135.0,247.0
sample_02,classical,48,1535.0,228.58683245815342,0.6598725416657356,0.7823649337410805,140.66319218241043,123.64625407166123
sample_02,classical,49,1463.0,178.1543289325507,0.5938421961514597,0.8850574712643678,144.18591934381408,179.30143540669857
sample_02,classical,50,1030.0,158.08326112068522,0.9189337779796984,0.8456486042692939,152.947572815534,146.93106796116504
sample_02,classical,51,184.0,60.248737341529164,0.8309547705126754,0.8288288288288288,150.5923913043478,8.58695652173913
sample_02,classical,52,63.0,31.349242404917497,0.7836750723374082,0.8513513513513513,148.03174603174602,19.841269841269842
sample_02,classical,53,1278.0,179.95331880577402,0.708812041406611,0.8617666891436278,151.179186228482,77.63928012519561
sample_02,classical,54,67.0,31.899494936611667,0.6883937794734051,0.8701298701298701,147.5820895522388,243.86567164179104
sample_02,classical,55,563.0,122.6335136523794,0.3997789740032087,0.7712328767123288,148.95381882770872,226.06927175843694
sample_02,classical,56,263.0,63.79898987322332,0.7415472320455379,0.9293286219081273,157.88212927756655,207.8707224334601
sample_02,classical,57,120.0,57.45584412271571,0.9647652044260131,0.7361963190184049,162.41666666666666,27.6
sample_02,classical,58,6.0,4.0,1.0,1.0,170.0,9.5
sample_02,classical,59,384.0,120.39696961966999,0.817368560382849,0.7634194831013916,175.05989583333334,187.09375
sample_02,classical,60,1661.0,200.78174593052023,0.6754881833736417,0.8863393810032018,181.82299819385912,233.69295605057195
sample_02,classical,61,62.0,33.55634918610404,0.8879400907637255,0.8266666666666667,181.43548387096774,174.16129032258064
sample_02,classical,62,1163.0,220.02438661763952,0.8707768741354418,0.8149964961457603,184.22957867583835,13.674118658641445
sample_02,classical,63,25.0,19.071067811865476,0.6879738937151035,0.7352941176470589,189.6,175.76
sample_02,classical,64,1853.0,233.85891039679558,0.5051238544564408,0.8042534722222222,188.89098758769563,55.48569886670264
sample_02,classical,65,1051.0,138.118795026618,0.8079557930909372,0.905254091300603,190.36060894386299,147.23311132254995
sample_02,classical,66,953.0,141.1543289325507,0.8575852237306602,0.8881640260950606,201.34837355718784,118.65897166841553
sample_02,classical,67,91.0,36.520815280171306,0.7714525401369811,0.8921568627450981,209.5164835164835,33.505494505494504
sample_02,classical,68,157.0,58.420310216782966,0.7279309428300846,0.7658536585365854,218.95541401273886,29.802547770700638
sample_02,classical,69,2132.0,269.6579002700189,0.6833926338243094,0.8162327718223583,213.6219512195122,198.72138836772984
sample_02,classical,70,450.0,86.01219330881976,0.6846566797847182,0.9109311740890689,221.35111111111112,152.8177777777778
sample_02,classical,71,1268.0,163.43250352560273,0.7268854929494096,0.8879551820728291,231.95662460567823,64.68296529968454
sample_02,classical,72,666.0,128.94722215136414,0.8537386876048217,0.830423940149626,227.1081081081081,243.95495495495496
sample_02,classical,73,302.0,93.42640687119285,0.4972005798155862,0.7105882352941176,233.46688741721854,16.21523178807947
sample_02,classical,74,225.0,94.5269119345812,0.8485136739123406,0.7009345794392523,249.51555555555555,10.257777777777777
sample_02,classical,75,406.0,80.24873734152916,0.6050279829559373,0.9552941176470588,247.0935960591133,44.90394088669951
sample_02,classical,76,1895.0,259.6812408671319,0.9250663117685823,0.739656518345043,241.84591029023747,144.97414248021107
sample_02,classical,77,364.0,88.46194077712559,0.4167805967790228,0.8813559322033898,235.12362637362637,169.72802197802199
sample_02,classical,78,267.0,66.90559159102153,0.7643836461583438,0.9081632653061225,248.78277153558054,220.67041198501872
sample_02,classical,79,178.0,54.384776310850235,0.7417922474770833,0.9621621621621622,247.92696629213484,250.02808988764045
sample_03,gt,1,284.0,67.31370849898477,0.7951154097559032,0.9726027397260274,245.15140845070422,249.05281690140845
sample_03,gt,2,282.0,63.35533905932738,0.7805428764923099,0.9690721649484536,214.31205673758865,246.98936170212767
sample_03,gt,3,47.0,27.071067811865476,0.8600765222191918,0.9215686274509803,2.1702127659574466,3.4468085106382977
sample_03,gt,4,725.0,130.91168824543144,0.9189606783305353,0.8173618940248027,25.306206896551725,35.772413793103446
sample_03,gt,5,532.0,86.66904755831214,0.6367478090087848,0.953405017921147,41.203007518796994,64.99624060150376
sample_03,gt,6,95.0,39.89949493661167,0.9115392950520104,0.9595959595959596,66.37894736842105,2.473684210526316
sample_03,gt,7,293.0,68.97056274847714,0.8320723865745505,0.966996699669967,5.5290102389078495,162.35494880546077
sample_03,gt,8,494.0,82.18376618407356,0.4134459448726412,0.9536679536679536,29.483805668016196,159.53846153846155
sample_03,gt,9,523.0,85.01219330881976,0.5958632852173642,0.9561243144424132,13.189292543021033,197.7323135755258
sample_03,gt,10,298.0,64.8700576850888,0.7746130805565405,0.9581993569131833,38.43288590604027,219.16778523489933
sample_03,gt,11,475.0,80.76955262170047,0.6387788522327138,0.9634888438133874,163.02315789473684,40.50736842105263
sample_03,gt,12,492.0,88.9116882454314,0.8480219105378599,0.9479768786127167,194.2581300813008,48.853658536585364
sample_03,gt,13,151.0,48.48528137423857,0.8967597158560342,0.9617834394904459,251.43046357615893,9.158940397350994
sample_03,gt,14,131.0,43.31370849898476,0.7899220101544968,0.9632352941176471,126.57251908396947,3.7557251908396947
sample_03,gt,15,561.0,86.42640687119285,0.4888444157067308,0.9689119170984456,114.67557932263814,132.19964349376113
sample_03,gt,16,531.0,97.49747468305833,0.8847224077927768,0.9448398576512456,130.18267419962336,175.9924670433145
sample_03,gt,17,267.0,65.45584412271572,0.8412654835412889,0.9335664335664335,162.6441947565543,161.94756554307116
sample_03,gt,18,216.0,54.8700576850888,0.5607964656408195,0.9391304347826087,141.96296296296296,145.53240740740742
sample_03,gt,19,135.0,42.72792206135785,0.6384081892963178,0.9375,147.1259259259259,193.22222222222223
sample_03,gt,20,676.0,113.05382386916237,0.9199432128311588,0.9415041782729805,175.5828402366864,93.22781065088758
sample_03,gt,21,381.0,77.94112549695429,0.8157254516536836,0.9338235294117647,207.0236220472441,98.56692913385827
sample_03,gt,22,470.0,81.01219330881975,0.5374983240072155,0.9494949494949495,212.1468085106383,144.87234042553192
sample_03,gt,23,322.0,71.24873734152916,0.8197558395351405,0.972809667673716,248.45962732919256,125.79503105590062
sample_03,gt,24,420.0,83.42640687119285,0.7567471173821013,0.9170305676855895,184.55714285714285,236.63333333333333
sample_03,gt,25,323.0,67.698484809835,0.6344166415297836,0.9613095238095238,238.7058823529412,230.88854489164086
sample_03,gt,26,12.0,9.621320343559642,0.9117883696636023,0.8571428571428571,254.41666666666666,179.75
sample_03,gt,27,324.0,74.76955262170047,0.8683275098452459,0.9337175792507204,213.35185185185185,221.14506172839506
sample_03,gt,28,108.0,44.520815280171306,0.9085144888195276,0.9310344827586207,114.97222222222223,252.33333333333334
sample_03,gt,29,955.0,124.9116882454314,0.8757443622106115,0.963673057517659,95.21884816753926,220.2408376963351
sample_03,gt,30,138.0,43.45584412271571,0.8223605843197809,0.971830985915493,62.81159420289855,207.91304347826087
sample_03,gt,31,194.0,59.83452377915607,0.9076698011894576,0.9463414634146341,201.93298969072166,4.984536082474227
sample_03,gt,32,547.0,87.59797974644667,0.6081019812712661,0.9733096085409253,120.9981718464351,75.07861060329067
sample_03,gt,33,505.0,87.94112549695427,0.7790885483898818,0.9528301886792453,146.2792079207921,94.85940594059406
sample_03,stardist,1,592.0,89.25483399593904,0.41099420334244224,0.9673202614379085,28.576013513513512,157.7668918918919
sample_03,stardist,2,536.0,86.18376618407356,0.6999616065362707,0.9710144927536232,31.10820895522388,35.26865671641791
sample_03,stardist,3,552.0,85.84062043356595,0.5913217434849263,0.971830985915493,162.10326086956522,40.56159420289855
sample_03,stardist,4,557.0,85.59797974644667,0.5320037816510267,0.9754816112084063,12.976660682226212,195.23698384201077
sample_03,stardist,5,635.0,91.25483399593904,0.49257371151344903,0.9769230769230769,212.68346456692913,143.28976377952756
sample_03,stardist,6,512.0,83.25483399593904,0.5711806376114,0.9660377358490566,40.01171875,62.986328125
sample_03,stardist,7,290.0,62.04163056034261,0.7166735888260651,0.9698996655518395,212.9758620689655,247.58620689655172
sample_03,stardist,8,347.0,68.5269119345812,0.6359466567716322,0.9559228650137741,237.84438040345822,229.21325648414987
sample_03,stardist,9,561.0,87.01219330881976,0.3945704106343899,0.9622641509433962,113.84313725490196,131.58467023172906
sample_03,stardist,10,393.0,71.94112549695427,0.5998749950694079,0.9679802955665024,36.536895674300254,218.55725190839695
sample_03,stardist,11,471.0,82.18376618407356,0.7009992261133922,0.9534412955465587,183.90658174097663,234.3524416135881
sample_03,stardist,12,555.0,85.84062043356595,0.5394907398896329,0.9736842105263158,144.86666666666667,94.59279279279279
sample_03,stardist,13,581.0,96.5685424949238,0.8649557678632399,0.9603305785123967,129.78657487091223,174.5473321858864
sample_03,stardist,14,306.0,67.11269837220809,0.7141899481504974,0.9503105590062112,38.39869281045752,108.54575163398692
sample_03,stardist,15,517.0,86.91168824543142,0.8204783681765678,0.9699812382739212,192.07350096711798,48.38878143133462
sample_03,stardist,16,365.0,70.5269119345812,0.631644691437418,0.9630606860158312,206.27123287671233,99.43287671232876
sample_03,stardist,17,339.0,67.11269837220809,0.650283508699651,0.9741379310344828,140.25073746312685,145.05014749262537
sample_03,stardist,18,256.0,56.8700576850888,0.4192208695369105,0.9696969696969697,158.421875,246.328125
sample_03,stardist,19,541.0,86.18376618407356,0.6924683268183109,0.980072463768116,120.23844731977819,77.05175600739372
sample_03,stardist,20,904.0,118.9116882454314,0.8549637761565025,0.9689174705251876,95.58296460176992,219.24889380530973
sample_03,stardist,21,383.0,74.52691193458118,0.7641919731800476,0.9720812182741116,247.5195822454308,125.8981723237598
sample_03,stardist,22,754.0,115.05382386916237,0.910349826154381,0.9617346938775511,173.84350132625994,93.18302387267904
sample_03,stardist,23,440.0,83.59797974644665,0.8347615080011848,0.9361702127659575,214.31363636363636,220.00681818181818
sample_03,stardist,24,234.0,56.87005768508881,0.7503972719289914,0.9473684210526315,161.26495726495727,161.05128205128204
sample_03,stardist,25,148.0,44.384776310850235,0.7596086518132982,0.9673202614379085,62.560810810810814,207.54054054054055
sample_03,stardist,26,223.0,54.04163056034261,0.6834574407696968,0.9653679653679653,215.73991031390133,173.00448430493273
sample_03,stardist,27,212.0,52.87005768508881,0.6928779769757225,0.9680365296803652,6.716981132075472,33.66981132075472
sample_03,stardist,28,233.0,58.62741699796952,0.8348052685895145,0.9708333333333333,5.051502145922747,160.56223175965664
sample_03,stardist,29,187.0,50.384776310850235,0.775880030777531,0.9739583333333334,250.1764705882353,9.32620320855615
sample_03,classical,1,141.0,49.31370849898476,0.8683386001461594,0.9527027027027027,3.6382978723404253,7.347517730496454
sample_03,classical,2,81.0,32.14213562373095,0.6654432637852359,0.9418604651162791,3.9382716049382718,122.38271604938272
sample_03,classical,3,85.0,33.89949493661167,0.6009640395217025,0.9139784946236559,11.058823529411764,137.38823529411764
sample_03,classical,4,463.0,129.11269837220811,0.9738779876085832,0.9096267190569745,4.332613390928726,155.60691144708423
sample_03,classical,5,351.0,83.31980515339464,0.8440588603752013,0.8863636363636364,10.145299145299145,72.67806267806267
sample_03,classical,6,193.0,66.82842712474618,0.9675114873787608,0.9846938775510204,14.0,162.7098445595855
sample_03,classical,7,954.0,131.39696961967,0.841816094184155,0.93713163064833,17.245283018867923,191.92976939203353
sample_03,classical,8,109.0,47.45584412271572,0.8977997707722464,0.8134328358208955,22.743119266055047,133.07339449541286
sample_03,classical,9,80.0,54.21320343559643,0.9026512986844172,0.5405405405405406,25.525,249.1625
sample_03,classical,10,406.0,87.01219330881975,0.5438944522325329,0.8768898488120951,19.807881773399014,93.3423645320197
sample_03,classical,11,1332.0,174.95331880577402,0.8424213367574945,0.8484076433121019,25.73198198198198,34.765765765765764
sample_03,classical,12,753.0,109.14823227814084,0.3679393300321908,0.9400749063670412,30.48472775564409,159.25763612217796
sample_03,classical,13,1188.0,153.88225099390857,0.7446344492971526,0.8665207877461707,38.84090909090909,226.67087542087543
sample_03,classical,14,1420.0,149.63961030678928,0.49936177806694804,0.934825543120474,42.85704225352113,68.63169014084507
sample_03,classical,15,620.0,106.66904755831214,0.7011295218635515,0.9037900874635568,42.42258064516129,111.5016129032258
sample_03,classical,16,99.0,37.55634918610404,0.7237738760918382,0.9166666666666666,50.17171717171717,169.66666666666666
sample_03,classical,17,564.0,112.08326112068522,0.8626517158555086,0.8468468468468469,55.680851063829785,155.1595744680851
sample_03,classical,18,149.0,54.76345596729058,0.8981128321528646,0.9430379746835443,63.40939597315436,3.1812080536912752
sample_03,classical,19,1022.0,139.74011537017762,0.60749493531623,0.8856152512998267,62.88747553816047,195.75929549902153
sample_03,classical,20,107.0,40.14213562373095,0.7644510408298303,0.8916666666666667,77.67289719626169,170.11214953271028
sample_03,classical,21,20.0,11.863961030678928,0.959664770069518,0.8695652173913043,80.1,7.45
sample_03,classical,22,26.0,16.485281374238568,0.1095316261852798,0.9285714285714286,85.53846153846153,17.346153846153847
sample_03,classical,23,41.0,22.14213562373095,0.6714461775039076,0.9534883720930233,85.1951219512195,86.78048780487805
sample_03,classical,24,1526.0,170.16042558696057,0.7224137444332203,0.9165165165165166,93.46985583224115,221.848623853211
sample_03,classical,25,413.0,81.698484809835,0.7341965988713116,0.9301801801801802,92.68523002421307,48.41888619854721
sample_03,classical,26,71.0,30.384776310850235,0.7425648324649977,0.9594594594594594,100.63380281690141,19.028169014084508
sample_03,classical,27,610.0,95.01219330881975,0.7219054248840794,0.9591194968553459,110.69180327868852,162.68032786885246
sample_03,classical,28,260.0,85.21320343559643,0.7103137876298485,0.7854984894259819,112.84615384615384,249.49615384615385
sample_03,classical,29,950.0,122.66904755831214,0.6809735960529019,0.9528585757271816,116.07052631578948,130.37684210526317
sample_03,classical,30,538.0,132.77564927611033,0.8931482524156757,0.7182910547396528,122.59851301115242,11.810408921933085
sample_03,classical,31,410.0,99.84062043356595,0.6890628903541511,0.7992202729044834,123.37073170731708,234.09756097560975
sample_03,classical,32,714.0,112.70458146424487,0.8502492434685129,0.9296875,128.6764705882353,174.68627450980392
sample_03,classical,33,2073.0,201.09545442950497,0.463478965321382,0.8927648578811369,130.0950313555234,85.66184273999035
sample_03,classical,34,584.0,97.49747468305833,0.7920725565770338,0.926984126984127,143.16609589041096,146.18664383561645
sample_03,classical,35,508.0,107.9827560572969,0.8876822507832287,0.9023090586145648,155.01181102362204,197.13188976377953
sample_03,classical,36,773.0,123.39087296526012,0.6562201374696734,0.8915801614763552,154.5705045278137,40.223803363518755
sample_03,classical,37,953.0,128.5685424949238,0.48560604256158785,0.905893536121673,160.10703043022036,169.37460650577125
sample_03,classical,38,814.0,113.39696961966999,0.7648425459491035,0.9443155452436195,173.39066339066338,98.15479115479116
sample_03,classical,39,1321.0,152.39696961967,0.7410378573890595,0.9211994421199442,175.35806207418622,237.94095382286147
sample_03,classical,40,563.0,113.1543289325507,0.7917007789919097,0.7951977401129944,188.89342806394316,77.69271758436945
sample_03,classical,41,498.0,116.94722215136416,0.8155991313573512,0.7854889589905363,190.20883534136547,168.64457831325302
sample_03,classical,42,23.0,15.449747468305832,0.906824899886666,0.8518518518518519,194.3913043478261,191.17391304347825
sample_03,classical,43,210.0,82.80508652763321,0.8358152861893293,0.7046979865771812,198.84761904761905,203.66190476190476
sample_03,classical,44,1036.0,141.57463914933368,0.902595237973111,0.9055944055944056,197.02413127413126,110.41505791505791
sample_03,classical,45,4588.0,394.1431816442575,0.6922492582631874,0.8398315943620721,201.08369659982563,34.55863121185702
sample_03,classical,46,261.0,75.21320343559643,0.9085178001732438,0.8080495356037152,210.00383141762453,238.9463601532567
sample_03,classical,47,776.0,107.1543289325507,0.5083841084568879,0.9521472392638037,213.86855670103094,143.15592783505156
sample_03,classical,48,606.0,97.698484809835,0.45696636714563865,0.9543307086614173,214.44884488448844,167.53300330033002
sample_03,classical,49,86.0,43.89949493661166,0.9691386754076587,0.9772727272727273,210.43023255813952,245.90697674418604
sample_03,classical,50,17.0,13.82842712474619,0.9410447737166663,0.8095238095238095,216.41176470588235,189.1764705882353
sample_03,classical,51,1626.0,201.29646455628165,0.8106382525258495,0.8953744493392071,229.01353013530135,220.7927429274293
sample_03,classical,52,370.0,83.24873734152916,0.5841067039008344,0.8872901678657075,236.96216216216217,87.76756756756757
sample_03,classical,53,746.0,142.42031021678295,0.9478071966309131,0.8410372040586246,233.53753351206436,247.76675603217157
sample_03,classical,54,1508.0,181.39696961967,0.7185762391277861,0.8839390386869871,239.45092838196285,116.5238726790451
sample_03,classical,55,1040.0,138.66295090390224,0.8266424214799559,0.9171075837742504,243.46346153846153,19.8375
sample_03,classical,56,26.0,18.485281374238568,0.833783962473513,0.8387096774193549,248.34615384615384,65.0
sample_03,classical,57,99.0,46.17766952966369,0.8139029979626219,0.868421052631579,250.07070707070707,73.93939393939394
